ita-16-00043759-a;a;positive;0.3125;sonoro;-1
ita-16-00042191-a;a;positive;0.3125;banale;-1
ita-16-00045227-a;a;neutral;0.416666666667;integrale,intero,totale;-1
ita-16-00042370-a;a;neutral;0.3125;generale,complessivo,globale;-1
ita-16-00036320-v;v;neutral;0.3125;svuotare,vuotare;-1
ita-16-00041771-a;a;negative;0.3125;dispendioso,caro,costoso,salato;-1
ita-16-00004716-n;n;neutral;0.3125;oggetto,cosa;-1
ita-16-00049015-r;r;neutral;0.3125;celermente,velocemente,veloce,rapidamente,presto,in_fretta;-1
ita-16-00032234-v;v;positive;0.3125;capeggiare,essere_alla_guida,essere_a_capo,coordinare,comandare,dirigere,condurre,guidare;-1
ita-16-00001690-n;n;neutral;0.3125;casa,abitazione,dimora,tetto,magione,ostello;-1
ita-16-00000314-n;n;positive;0.3125;piacere,attività_ricreativa,trastullo,sollazzo,ricreazione,svago,passatempo,divertimento;-1
ita-16-00044561-a;a;negative;0.3125;imbelle,timido,inerme;-1
ita-16-00000300-n;n;positive;0.3125;potenza,energia,forza;-1
ita-16-00038926-v;v;negative;0.3125;colpire;-1
ita-16-00045030-a;a;positive;0.3125;utile;-1
ita-16-00014503-n;n;neutral;0.3125;break,interruzione,cesura,sospensione,intermezzo,stacco,intervallo,pausa;-1
ita-16-00027131-n;n;neutral;0.3125;laico;-1
ita-16-00036987-v;v;neutral;0.3125;ridurre,riportare,ricondurre;-1
ita-16-00035336-v;v;positive;0.3125;ornare,adornare,addobbare,guarnire,decorare;-1
ita-16-00037543-v;v;neutral;0.3125;volere,desiderare;-1
ita-16-00005514-n;n;positive;0.3125;intrattenimento,trattenimento,party,festa,ricevimento;-1
ita-16-00044227-a;a;positive;0.416666666667;largo;-1
ita-16-00026501-n;n;neutral;0.3125;borsa;-1
ita-16-00037344-v;v;negative;0.3125;perdere;-1
ita-16-00044092-a;a;positive;0.416666666667;autentico,originale;-1
ita-16-00002807-n;n;positive;0.3125;comprensione,intendimento,intelletto,mente,intelligenza;-1
ita-16-00033807-v;v;neutral;0.3125;chiudere,contenere,racchiudere,comprendere,adunare;-1
ita-16-00041326-a;a;positive;0.3125;lieve;-1
ita-16-00034540-v;v;positive;0.3125;splendere,brillare,ridere;-1
ita-16-00041692-a;a;positive;0.3125;saggio,moderato,quadrato,equilibrato,assennato,sensato,ragionevole,savio;-1
ita-16-00042682-a;a;positive;0.3125;longilineo,alto,slanciato;-1
ita-16-00042333-a;a;negative;0.3125;cattivo,inefficiente,difettoso,manchevole.,impotente;-1
ita-16-00039792-v;v;negative;0.3125;commettere,perpetrare;-1
ita-16-00036833-v;v;neutral;0.3125;oltrepassare,superare;-1
ita-16-00032279-v;v;positive;0.3125;scavalcare,battere,vincere,superare;-1
ita-16-00044657-a;a;negative;0.3125;brevilineo,basso;-1
ita-16-00042028-a;a;positive;0.3125;ottimista,speranzoso,ottimistico;-1
ita-16-00042769-a;a;negative;0.416666666667;inquieto;-1
ita-16-00041365-a;a;neutral;1.0;bloccato,invariabile,fisso;-1
ita-16-00041322-a;a;negative;0.3125;grezzo,grossolano,grosso;-1
ita-16-00041877-a;a;positive;0.3125;filantropico;-1
ita-16-00042703-a;a;positive;0.3125;fornito,dotato,provvisto;-1
ita-16-00044158-a;a;positive;0.3125;ideale,perfetto;-1
ita-16-00041366-a;a;neutral;0.3125;inamovibile,immobile,fisso;-1
ita-16-00007088-n;n;neutral;0.3125;vuoto,cavità,incavo;-1
ita-16-00043774-a;a;positive;1.0;felice;-1
ita-16-00032925-v;v;positive;0.3125;studiare,imparare,apprendere;-1
ita-16-00007300-n;n;neutral;0.3125;mano,pannicolo,strato;-1
ita-16-00041830-a;a;negative;0.3125;inclemente,intransigente,ferreo,severo,austero,inflessibile,rigido,duro;-1
ita-16-00042049-a;a;negative;0.3125;tetro,tenebroso,cupo;-1
ita-16-00032099-v;v;neutral;0.3125;dire,comandare,ordinare;-1
ita-16-00000298-n;n;positive;0.3125;potenza,potere,facoltà;-1
ita-16-00042405-a;a;positive;0.3125;forte;-1
ita-16-00041596-a;a;negative;0.3125;litigioso,attaccabrighe,rissoso,garoso;-1
ita-16-00044469-a;a;negative;0.625;imponente,gigantesco;-1
ita-16-00031571-n;n;neutral;0.3125;fresco;-1
ita-16-00042023-a;a;positive;0.3125;vigilante,presente,attento,vigile;-1
ita-16-00037422-v;v;neutral;0.3125;applicare;-1
ita-16-00041996-a;a;negative;0.3125;esiguo,povero,scarso,insufficiente,gramo;-1
ita-16-00043862-a;a;positive;0.416666666667;largo,prodigo,generoso;-1
ita-16-00045353-a;a;negative;0.3125;basso;-1
ita-16-00044900-a;a;negative;0.3125;sprovveduto,inesperto,incompetente;-1
ita-16-00041874-a;a;positive;0.3125;bonaccione,pacifico,mite;-1
ita-16-00043635-a;a;positive;0.3125;leggero;-1
ita-16-00038387-v;v;neutral;0.3125;trattare;-1
ita-16-00041470-a;a;negative;0.3125;tristo,feroce,empio,crudo,perverso,terribile,perfido,scellerato,crudele,malvagio,disumano,selvaggio;-1
ita-16-00000812-n;n;positive;0.3125;capitale,oro,denaro,merce,ricchezza,sostanza,patrimonio,possesso,possedimento,bene,beni;-1
ita-16-00043386-a;a;positive;0.3125;potente;-1
ita-16-00010936-n;n;neutral;0.3125;camera,vano,locale,ambiente,stanza;-1
ita-16-00042690-a;a;negative;1.0;indecifrabile,cabalistico,occulto;-1
ita-16-00004650-n;n;positive;0.3125;simpatia,inclinazione,propensione,debole;-1
ita-16-00037346-v;v;neutral;0.3125;rimetterci,perdere;-1
ita-16-00042440-a;a;negative;0.416666666667;flebile,fioco;-1
ita-16-00042459-a;a;positive;0.3125;munifico,magnanimo,altruista,generoso;-1
ita-16-00049048-r;r;positive;0.3125;abilmente;-1
ita-16-00043208-a;a;positive;0.3125;colmo,gravido,carico,completo,pieno;-1
ita-16-00045328-a;a;positive;0.3125;preciso;-1
ita-16-00037786-v;v;neutral;0.3125;trascorrere,passare;-1
ita-16-00048859-r;r;neutral;0.3125;ampiamente,estesamente,vastamente,largamente;-1
ita-16-00042602-a;a;negative;0.3125;voglioso,desideroso,avido,bramoso,ansioso;-1
ita-16-00000146-n;n;neutral;0.3125;punto,stadio,fase;-1
ita-16-00037782-v;v;neutral;0.3125;scorrere,passare;-1
ita-16-00037117-v;v;neutral;0.3125;comperare,acquistare,comprare;-1
ita-16-00037781-v;v;neutral;0.3125;passare;-1
ita-16-00037838-v;v;positive;0.3125;conseguire,ottenere;-1
ita-16-00048783-r;r;negative;0.3125;illegalmente,illegittimamente,illecitamente,abusivamente,indebitamente,ingiustamente;-1
ita-16-00002778-n;n;positive;0.3125;mira,traguardo,finalità,obiettivo,meta,proponimento,scopo,fine,oggetto;-1
ita-16-00042354-a;a;positive;0.625;fondato,giustificato;-1
ita-16-00036834-v;v;neutral;0.3125;superare,scavalcare;-1
ita-16-00026152-n;n;neutral;0.3125;umile;-1
ita-16-00044531-a;a;negative;0.625;faticoso;-1
ita-16-00000620-n;n;neutral;0.3125;bacino,conca,avvallamento,depressione;-1
ita-16-00037863-v;v;neutral;0.3125;stare,abitare,vivere,dimorare,risiedere;-1
ita-16-00037785-v;v;neutral;0.3125;passare;-1
ita-16-00007998-n;n;neutral;0.3125;senso,sensazione;-1
ita-16-00007754-n;n;negative;0.3125;fatica,sforzo;-1
ita-16-00050051-a;a;positive;0.625;alto,intenso,forte;-1
ita-16-00042360-a;a;positive;0.3125;ricco,fertile,pingue,grasso;-1
ita-16-00002881-n;n;neutral;0.3125;rilevanza,portata,significato,serietà,peso,mole,valore,risonanza,spicco,risalto,clamore,interesse,rilievo,importanza;-1
ita-16-00042353-a;a;neutral;0.625;frammentario,parziale,incompiuto,incompleto;-1
ita-16-00023534-n;n;negative;0.3125;impazienza;-1
ita-16-00030228-n;n;neutral;0.3125;insetto;-1
ita-16-00042350-a;a;positive;0.3125;nutrito,abbondante,ricco,copioso,opulento,cospicuo,ingente,luculliano,grosso,buono;-1
ita-16-00039512-v;v;negative;0.3125;misconoscere;-1
ita-16-00041926-a;a;neutral;0.3125;straordinario;-1
ita-16-00003098-n;n;neutral;0.3125;rapporto,legame,relazione;-1
ita-16-00050052-v;v;neutral;0.3125;fermare,arginare,contenere,arrestare,bloccare;-1
ita-16-00039610-v;v;negative;0.3125;lacerare,strappare,fendere;-1
ita-16-00036819-v;v;negative;0.3125;astringere,forzare,costringere,coartare,obbligare;-1
ita-16-00034521-v;v;negative;0.3125;tornare_alla_carica,incocciarsi,intestardirsi,insistere,perseverare,persistere,impuntarsi,intestarsi,ostinarsi;-1
ita-16-00032147-v;v;positive;0.3125;ottenere,trovare,ricevere;-1
ita-16-00041721-a;a;positive;0.3125;avviato,fruttifero,fiorente,prospero,redditizio,fruttuoso;-1
ita-16-00043892-a;a;negative;0.3125;barbarico,barbaro;-1
ita-16-00008835-n;n;neutral;0.3125;linea,metodica,tattica,strategia,metodologia,metodo,sistema,linea di condotta;-1
ita-16-00021182-n;n;neutral;0.3125;profilo,bordo;-1
ita-16-00042628-a;a;negative;0.3125;tardo,lento,grave,lungo;-1
ita-16-00001633-n;n;neutral;0.3125;sparata,fuoco,tiro,sparo,colpo;-1
ita-16-00032128-v;v;neutral;0.3125;fare;-1
ita-16-00011357-n;n;neutral;0.3125;suono,termine,vocabolo,parola;-1
ita-16-00043369-a;a;positive;0.3125;buono,valido;-1
ita-16-00042213-a;a;positive;0.3125;monolitico,compatto,consistente,solido,coerente,sodo;-1
ita-16-00027977-n;n;neutral;0.3125;religioso,chierico,ecclesiastico,uomo di chiesa;-1
ita-16-00032761-v;v;neutral;0.3125;disunire,disgiungere,dividere,separare;-1
ita-16-00048930-r;r;neutral;0.3125;estensivamente,ampiamente;-1
ita-16-00035652-v;v;positive;0.3125;conoscere,sapere;-1
ita-16-00043756-a;a;positive;0.3125;buono;-1
ita-16-00003135-n;n;neutral;0.3125;gruppo,complesso;-1
ita-16-00004530-n;n;neutral;0.3125;luce;-1
ita-16-00001247-n;n;positive;0.3125;innocente;-1
ita-16-00049483-n;n;neutral;0.3125;ordine,ordine_religioso;-1
ita-16-00044981-a;a;positive;0.416666666667;definitivo;-1
ita-16-00007821-n;n;neutral;0.3125;teoria,convincimento,idea,concetto,veduta,punto_di_vista,parere,opinione,convinzione;-1
ita-16-00041838-a;a;negative;0.3125;ininfluente,insignificante;-1
ita-16-00043734-a;a;negative;1.0;interessato,attaccato,dedito;-1
ita-16-00034118-v;v;neutral;0.3125;tacere;-1
ita-16-00044378-a;a;negative;0.3125;blando;-1
ita-16-00041550-a;a;negative;0.3125;immondo,lercio,sozzo,sordido,lurido,laido,lordo,sudicio,sporco;-1
ita-16-00032127-v;v;neutral;0.3125;fare;-1
ita-16-00043450-a;a;negative;0.3125;cattivo,scadente,andante,ordinario;-1
ita-16-00032120-v;v;neutral;0.3125;fare_divenire,fare_diventare,fare,rendere;-1
ita-16-00042978-a;a;positive;0.3125;distinto,eccellente,egregio,ottimo,superlativo;-1
ita-16-00008329-n;n;neutral;0.3125;intreccio,modello,schematizzazione,rudimento,quadro,bozzetto,tracciato,traccia,sommario,canovaccio,bozza,abbozzo,trama,schema;-1
ita-16-00042207-a;a;negative;0.625;piatto,insulso,scialbo,grigio,squallido;-1
ita-16-00041517-a;a;positive;0.3125;candido,innocente,ingenuo,semplice,disarmante;-1
ita-16-00014257-n;n;neutral;0.3125;punto;-1
ita-16-00032790-v;v;neutral;0.3125;impartire,assegnare,affidare,dare;-1
ita-16-00041392-a;a;positive;0.3125;flessuoso,elastico,agile,sciolto;-1
ita-16-00005515-n;n;positive;0.3125;festa,festività;-1
ita-16-00044129-a;a;negative;0.3125;cattivo;-1
ita-16-00006626-n;n;neutral;0.3125;municipio,comune;-1
ita-16-00003062-n;n;negative;0.3125;reato,misfatto,crimine,delitto;-1
ita-16-00006625-n;n;neutral;0.3125;comune,municipio;-1
ita-16-00039628-v;v;positive;0.3125;disserrare,aprire;-1
ita-16-00048647-r;r;positive;0.3125;furbamente,abilmente,astutamente;-1
ita-16-00014258-n;n;neutral;0.3125;punto,luogo;-1
ita-16-00035334-v;v;positive;0.3125;apprendere,intendere,comprendere,capire;-1
ita-16-00036358-v;v;neutral;0.3125;sfruttare;-1
ita-16-00001731-n;n;negative;0.3125;anomalia,malformazione,deformazione;-1
ita-16-00040720-v;v;positive;0.3125;lasciare;-1
ita-16-00042259-a;a;negative;0.3125;adulterato,sofisticato;-1
ita-16-00013592-n;n;neutral;0.3125;partecipazione,comunicazione;-1
ita-16-00001732-n;n;positive;0.3125;varietà,raccolta,scelta,assortimento,collezione,aggregazione;-1
ita-16-00045013-a;a;negative;0.416666666667;dipendente;-1
ita-16-00007301-n;n;neutral;0.3125;manche,mano,turno;-1
ita-16-00002846-n;n;negative;0.3125;dominanza,autorità,supremazia,prepotere,predominio,dominazione,giogo,dominio;-1
ita-16-00033087-v;v;positive;0.3125;elogiare,encomiare,lodare;-1
ita-16-00042620-a;a;neutral;0.416666666667;intero,compiuto,completo,esaustivo;-1
ita-16-00033080-v;v;neutral;0.3125;ricolmare,colmare,empire,riempire;-1
ita-16-00026151-n;n;neutral;0.3125;umile;-1
ita-16-00045459-a;a;negative;0.3125;incauto,imprudente;-1
ita-16-00035867-v;v;neutral;0.3125;smettere,cessare;-1
ita-16-00042724-a;a;negative;0.3125;ristretto,limitato,stretto,angusto;-1
ita-16-00035898-v;v;negative;0.3125;precludere,vietare,proibire;-1
ita-16-00032282-v;v;neutral;0.3125;vincere,sconfiggere,battere,superare;-1
ita-16-00037424-v;v;neutral;0.3125;appuntare,applicare,dirigere,volgere,rivolgere;-1
ita-16-00041396-a;a;neutral;0.3125;comune,corrente,diffuso;-1
ita-16-00041491-a;a;positive;0.416666666667;sensitivo,emotivo,sensibile;-1
ita-16-00034503-v;v;negative;0.3125;smarrire,sperdere,perdere;-1
ita-16-00005186-n;n;positive;0.3125;S.,santo,san;-1
ita-16-00041492-a;a;positive;0.3125;affabile,cordiale,gioviale;-1
ita-16-00031936-v;v;neutral;0.3125;dire;-1
ita-16-00045474-a;a;positive;0.416666666667;progressista;-1
ita-16-00041625-a;a;positive;0.3125;splendente,chiaro,luminoso;-1
ita-16-00031831-v;v;negative;0.3125;fottere,avvolgere,avvolvere,carrucolare,mettere_nel_sacco,buscherare,minchionare,circondurre,giocare,turlupinare,gabbare,cuccare,ciurmare,buggerare,ingannare,infinocchiare,imbrogliare,aggirare,raggirare,accalappiare,abbindolare,coglionare;-1
ita-16-00032666-v;v;positive;0.3125;pungere,sospingere,persuadere,muovere,indurre,incoraggiare,incitare,spronare,spingere;-1
ita-16-00043701-a;a;neutral;0.3125;caldo;-1
ita-16-00002186-n;n;positive;0.3125;fine,conclusione,riuscita,esito;-1
ita-16-00045050-a;a;positive;0.3125;ragionevole,conveniente,economico,a buon mercato;-1
ita-16-00033602-v;v;positive;0.3125;essere_vivo,vivere;-1
ita-16-00048852-r;r;positive;0.3125;probabilmente,possibilmente,verosimilmente;-1
ita-16-00049937-a;a;positive;0.416666666667;astratto,irreale,utopico;-1
ita-16-00001010-n;n;neutral;0.3125;ufizio,uffizio,offizio,officio,qualifica,carica,mansione,ufficio;-1
ita-16-00001470-n;n;positive;0.3125;conto,qualità,valore;-1
ita-16-00046276-np;np;positive;0.3125;Cupido;-1
ita-16-00044047-a;a;positive;0.3125;lucido,lustro,brillante,lucente;-1
ita-16-00036359-v;v;neutral;0.3125;sfruttare;-1
ita-16-00041531-a;a;positive;0.3125;cauto,prudente,oculato,sagace,avveduto,accorto;-1
ita-16-00044744-a;a;positive;0.3125;ideale;-1
ita-16-00044826-a;a;negative;0.3125;umile;-1
ita-16-00005916-n;n;negative;0.3125;casa_circondariale,casa_di_reclusione,galera,prigione,reclusorio,penitenziario,casa_di_pena,casa_di_detenzione,carcere,gattabuia;-1
ita-16-00043152-a;a;neutral;0.3125;radicale,assoluto,totale,completo,pieno,netto,profondo;-1
ita-16-00040359-v;v;negative;0.3125;subornare,corrompere,ungere;-1
ita-16-00009098-n;n;negative;0.3125;fattura,stregoneria,incantesimo;-1
ita-16-00042818-a;a;negative;0.3125;trascurabile,inessenziale;-1
ita-16-00043937-a;a;negative;0.3125;sprovvisto,privo;-1
ita-16-00003045-n;n;neutral;0.3125;totalità,sistema,somma,totale,complesso;-1
ita-16-00041609-a;a;negative;0.3125;esangue,debole,fiacco,languido,torpido;-1
ita-16-00041856-a;a;neutral;0.3125;prossimo,primo;-1
ita-16-00033648-v;v;negative;0.3125;strozzare,strangolare;-1
ita-16-00042542-a;a;negative;0.3125;esile,fragile,gracile,stento,debole;-1
ita-16-00034781-v;v;negative;0.3125;prendere_d'assalto,dare_l'assalto,oppugnare,aggredire,assaltare,attaccare,assalire;-1
ita-16-00043320-a;a;positive;0.3125;ameno,piacevole,gradevole;-1
ita-16-00042056-a;a;neutral;0.3125;breve,conciso,succinto,asciutto,sintetico,essenziale,laconico;-1
ita-16-00001226-n;n;negative;0.3125;cabala,truffa,intrigo,rete,pania,turlupinatura,imbroglio,raggiro,inganno;-1
ita-16-00000212-n;n;negative;0.3125;operazione_chirurgica,operazione,intervento;-1
ita-16-00001166-n;n;neutral;0.3125;sollevamento;-1
ita-16-00043443-a;a;negative;0.3125;vano,inefficace;-1
ita-16-00032760-v;v;neutral;0.3125;dividere;-1
ita-16-00001897-n;n;neutral;0.3125;comico,ridicolo,comicità;-1
ita-16-00039412-v;v;negative;0.3125;disporre;-1
ita-16-00000627-n;n;neutral;0.3125;piano,esterno,superficie;-1
ita-16-00036196-v;v;neutral;0.3125;eccettuare;-1
ita-16-00044564-a;a;positive;0.3125;frettoloso;-1
ita-16-00042352-a;a;positive;1.0;comprensibile;-1
ita-16-00042156-a;a;negative;0.416666666667;torbido,equivoco,ambiguo;-1
ita-16-00042648-a;a;negative;1.0;infelice,inappropriato,inopportuno;-1
ita-16-00042814-a;a;negative;0.416666666667;delinquenziale,delittuoso,criminoso,criminale;-1
ita-16-00043162-a;a;negative;0.3125;arbitrario,ingiustificato;-1
ita-16-00043324-a;a;positive;0.3125;serio,coscienzioso,giudizioso,responsabile;-1
ita-16-00041723-a;a;neutral;0.3125;differente,ineguale,disuguale,impari;-1
ita-16-00043373-a;a;neutral;0.3125;immenso,enorme;-1
ita-16-00042158-a;a;negative;0.3125;viscido,tortuoso,obliquo,subdolo,ambiguo,doppio,sfuggente,sornione;-1
ita-16-00043444-a;a;negative;0.3125;vano,vanesio,vanitoso,fatuo;-1
ita-16-00043762-a;a;negative;0.3125;preoccupante,inquietante,grave;-1
ita-16-00043912-a;a;neutral;0.625;largo,abbondante,ampio,sciolto;-1
ita-16-00037441-v;v;positive;0.3125;suscitare,destare;-1
ita-16-00033516-v;v;negative;0.3125;menare,scuotere,vibrare,dimenare,agitare,divincolare;-1
ita-16-00045140-a;a;positive;0.416666666667;nominale;-1
ita-16-00012298-n;n;positive;0.3125;salutazione,saluto;-1
ita-16-00043990-a;a;neutral;0.3125;alternato,discontinuo,intermittente;-1
ita-16-00032123-v;v;neutral;0.3125;fare,produrre,emettere;-1
ita-16-00001915-n;n;neutral;0.3125;natale,fonte,barlume,aurora,albore,albori,alba,principio,esordio,nascita,prima_fase,primordio,origine,primo_periodo,inizio;-1
ita-16-00044096-a;a;negative;0.3125;diffidente,sospettoso;-1
ita-16-00041956-a;a;negative;0.3125;tracotante,presuntuoso,altezzoso,arrogante,spavaldo;-1
ita-16-00050814-n;n;negative;0.3125;contrazione,contrattura;-1
ita-16-00041720-a;a;positive;0.416666666667;sufficiente;-1
ita-16-00038391-v;v;neutral;0.3125;trattare;-1
ita-16-00044688-a;a;positive;0.416666666667;ridotto;-1
ita-16-00014378-n;n;negative;0.3125;urto,percossa,colpo;-1
ita-16-00041951-a;a;negative;0.3125;scorretto,sbagliato;-1
ita-16-00032126-v;v;neutral;0.3125;tenere_un_comportamento,condursi,fare,contenersi,agire,comportarsi;-1
ita-16-00039225-v;v;negative;0.3125;disimparare;-1
ita-16-00049111-r;r;negative;0.3125;bruscamente,repentinamente,inaspettatamente,a sorpresa,all'improvviso,improvvisamente;-1
ita-16-00033643-v;v;neutral;0.3125;tornare,ridiventare,ritornare;-1
ita-16-00002454-n;n;neutral;0.3125;spalla,braccio_destro,aiuto,aiutante,assistente;-1
ita-16-00043079-a;a;neutral;0.3125;contingente,casuale;-1
ita-16-00048786-r;r;positive;0.3125;vezzosamente,graziosamente,aggraziatamente;-1
ita-16-00032124-v;v;neutral;0.3125;sviluppare,fare,produrre,determinare,cagionare,creare,provocare;-1
ita-16-00032791-v;v;negative;0.3125;infliggere,dare;-1
ita-16-00044349-a;a;positive;0.3125;dolce;-1
ita-16-00034094-v;v;neutral;0.3125;ultimare,portare_a_compimento,finire,terminare,portare_a_termine,condurre_a_termine,concludere,fare,esaurire;-1
ita-16-00031977-v;v;neutral;0.3125;raccostare,avvicinare,accostare,appressare,appropinquare;-1
ita-16-00042582-a;a;positive;0.416666666667;drastico,categorico;-1
ita-16-00041620-a;a;negative;0.3125;stringente,pressante,irrefrenabile,incontenibile,impellente,prepotente,estremo;-1
ita-16-00043360-a;a;negative;0.3125;erroneo,errato;-1
ita-16-00035828-v;v;negative;0.3125;spillare,succhiare,sfruttare,mungere;-1
ita-16-00003063-n;n;negative;0.3125;errore,sbaglio,fallo,mancanza,sgarro,abbarbagliamento,reato;-1
ita-16-00001760-n;n;neutral;0.3125;forma,impronta,mano,guisa,stile,maniera;-1
ita-16-00042134-a;a;positive;0.3125;intelligente;-1
ita-16-00041467-a;a;negative;0.3125;sventato,smemorato,sbadato,deconcentrato,svagato,disattento,distratto,assorto,assente,svampito,sciroccato;-1
ita-16-00042152-a;a;neutral;0.3125;istantaneo,immediato,rapido,pronto,fulmineo;-1
ita-16-00043393-a;a;negative;0.3125;inconsistente,cedevole;-1
ita-16-00042599-a;a;negative;0.3125;perduto,corrotto,peccaminoso,vizioso;-1
ita-16-00041511-a;a;neutral;0.625;esplicito,patente,manifesto,dichiarato;-1
ita-16-00042448-a;a;negative;0.3125;irriflessivo,inconsiderato,avventato,precipitoso,sconsiderato,incosciente;-1
ita-16-00032706-v;v;neutral;0.3125;percorrere,attraversare;-1
ita-16-00036357-v;v;neutral;0.3125;sfruttare;-1
ita-16-00041395-a;a;neutral;0.3125;sciolto,lento,allentato;-1
ita-16-00042135-a;a;positive;1.0;geniale,buono,intelligente,acuto;-1
ita-16-00042133-a;a;neutral;0.3125;estremo,ultimo;-1
ita-16-00033827-v;v;negative;0.3125;privare,togliere;-1
ita-16-00043220-a;a;neutral;0.625;variabile;-1
ita-16-00041468-a;a;neutral;0.3125;statico,fermo,immobile;-1
ita-16-00038753-v;v;neutral;0.3125;uscire;-1
ita-16-00044825-a;a;negative;0.416666666667;inidoneo;-1
ita-16-00037775-v;v;neutral;0.3125;passare;-1
ita-16-00043739-a;a;negative;1.0;esausto;-1
ita-16-00003642-n;n;neutral;0.3125;cultore,studioso,intellettuale;-1
ita-16-00033102-v;v;negative;0.3125;battere;-1
ita-16-00042117-a;a;neutral;0.625;inconsueto,inusuale,insolito;-1
ita-16-00035586-v;v;neutral;0.3125;venire_giù,cadere,scendere;-1
ita-16-00042920-a;a;negative;0.625;fumoso,recondito,misterioso,oscuro;-1
ita-16-00037779-v;v;neutral;0.3125;passare;-1
ita-16-00043878-a;a;positive;0.3125;imperturbabile,sereno,tranquillo,rilassato,olimpico,placido,calmo,soave,quieto;-1
ita-16-00042018-a;a;neutral;0.3125;domestico,famigliare,familiare;-1
ita-16-00041715-a;a;positive;0.625;soffice,molle,morbido;-1
ita-16-00042114-a;a;negative;0.3125;zuccone,testone,babbeo,sempliciotto,minchione,tonto;-1
ita-16-00045144-a;a;positive;0.3125;responsabile;-1
ita-16-00032280-v;v;negative;0.3125;soggiogare,sopraffare,vincere,dominare,controllare;-1
ita-16-00044258-a;a;negative;0.416666666667;sconcertato,sconvolto,scombussolato;-1
ita-16-00002007-n;n;negative;0.3125;roba,sostanza_stupefacente,stupefacente,droga;-1
ita-16-00042625-a;a;positive;0.3125;lucido,cosciente,consapevole;-1
ita-16-00049961-a;a;negative;0.625;irritante,esasperante,indisponente;-1
ita-16-00048899-r;r;positive;0.3125;giocondamente,gaiamente,allegramente,spensieratamente;-1
ita-16-00002049-n;n;neutral;0.3125;saliente,gobba,protuberanza,sporgenza,prominenza;-1
ita-16-00042845-a;a;negative;0.3125;depravato,dissipato,dissoluto,scostumato;-1
ita-16-00045119-a;a;neutral;0.3125;iniziale;-1
ita-16-00000813-n;n;positive;0.3125;larghezza,dovizia,abbondanza,ricchezza;-1
ita-16-00038925-v;v;negative;0.3125;colpire;-1
ita-16-00019180-n;n;positive;0.3125;sbalordimento,stupefazione,stupore,meraviglia;-1
ita-16-00043159-a;a;negative;0.3125;pauroso,timoroso;-1
ita-16-00043279-a;a;negative;0.3125;oscuro,scuro;-1
ita-16-00003099-n;n;neutral;0.3125;connessione,denominatore_comune,correlazione,riferimento,collegamento,rapporto,nesso,legame,relazione;-1
ita-16-00003591-n;n;neutral;0.3125;fedele,credente,religioso;-1
ita-16-00008197-n;n;positive;0.3125;consenso,concerto,concordanza,intesa,armonia,concordia,accordo;-1
ita-16-00043271-a;a;neutral;0.3125;consueto,familiare,noto;-1
ita-16-00037948-v;v;neutral;0.3125;discendere,scendere;-1
ita-16-00045329-a;a;positive;0.416666666667;immancabile,inevitabile;-1
ita-16-00042294-a;a;neutral;0.3125;spostabile,trasferibile,movibile,trasportabile;-1
ita-16-00041901-a;a;positive;0.3125;ammissibile,giustificabile,comprensibile,tollerabile;-1
ita-16-00041377-a;a;negative;0.3125;strampalato,balzano,bislacco,strambo,originale,strano,eccentrico,bizzarro,stravagante,pazzo;-1
ita-16-00043681-a;a;negative;0.3125;infelice,triste;-1
ita-16-00042595-a;a;negative;0.3125;prepotente;-1
ita-16-00002735-n;n;neutral;0.3125;motivo,tematica,oggetto,materia,tema,argomento,soggetto,contenuto;-1
ita-16-00016115-n;n;neutral;0.3125;pennuto,volatile,uccello,augello;-1
ita-16-00045350-a;a;negative;0.625;sconosciuto;-1
ita-16-00041379-a;a;negative;0.3125;servile,abbietto,indegno,vile,spregevole,abietto,basso;-1
ita-16-00010173-n;n;neutral;0.3125;pegno;-1
ita-16-00001167-n;n;neutral;0.3125;rialzo,sollevamento;-1
ita-16-00021012-n;n;neutral;0.3125;capitale;-1
ita-16-00042278-a;a;negative;0.3125;stolto,stolido,imbecille,cretino,stupido;-1
ita-16-00007299-n;n;neutral;0.3125;mano;-1
ita-16-00015188-n;n;positive;0.3125;appoggio,sostegno,supporto;-1
ita-16-00044771-a;a;positive;0.416666666667;sostanzioso;-1
ita-16-00040343-v;v;neutral;0.3125;selezionare,scegliere;-1
ita-16-00050724-a;a;positive;0.3125;delicato,gentile,fine;-1
ita-16-00031882-v;v;negative;0.3125;guastare,rovinare,ledere,nuocere,danneggiare;-1
ita-16-00032149-v;v;neutral;0.3125;tenere,contare,ritenere,stimare,considerare,reputare,valutare,trovare,giudicare;-1
ita-16-00041538-a;a;neutral;0.3125;delicato,fragile;-1
ita-16-00001475-n;n;positive;0.3125;detersione,pulitura,pulizia;-1
ita-16-00008153-n;n;neutral;0.3125;partizione,parte;-1
ita-16-00042462-a;a;negative;0.3125;inammissibile,incomprensibile,ingiustificabile,intollerabile;-1
ita-16-00042157-a;a;negative;0.3125;ambiguo;-1
ita-16-00011050-n;n;neutral;0.3125;sfida,incontro,match,partita;-1
ita-16-00042914-a;a;negative;0.3125;torbido,inquinato,impuro;-1
ita-16-00048645-r;r;negative;0.3125;negligentemente,pigramente,svogliatamente,indolentemente,accidiosamente;-1
ita-16-00036532-v;v;neutral;0.3125;mettere,dire,supporre,ammettere;-1
ita-16-00003780-n;n;neutral;0.3125;mistura,miscellanea,mix,agglomerato,amalgama,pasticcio,impasto,mistione,mescola,melange,composto,miscela,misto,miscuglio,mescolanza,pastone;-1
ita-16-00042547-a;a;negative;0.416666666667;adombrato,accigliato,turbato,fosco,scuro;-1
ita-16-00041446-a;a;negative;0.3125;dubbioso,incerto,esitante,indeciso,insicuro,irresoluto,titubante,perplesso,sospeso;-1
ita-16-00040742-v;v;neutral;0.3125;prendere;-1
ita-16-00048813-r;r;positive;0.3125;immediatamente,istantaneamente,prontamente,subito,all'istante;-1
ita-16-00043910-a;a;positive;0.3125;esteso,vasto,largo,ampio,aperto;-1
ita-16-00045447-a;a;positive;0.3125;fresco;-1
ita-16-00043110-a;a;negative;0.3125;schiavo,sottomesso;-1
ita-16-00049902-a;a;positive;1.0;frequentato;-1
ita-16-00035391-v;v;neutral;0.3125;viaggiare;-1
ita-16-00008297-n;n;neutral;0.3125;comune;-1
ita-16-00032400-v;v;neutral;0.3125;mescolare;-1
ita-16-00032121-v;v;neutral;0.3125;fare;-1
ita-16-00002453-n;n;positive;0.3125;cura,assistenza,ausilio,aiuto;-1
ita-16-00041555-a;a;negative;0.3125;petulante,invadente,importuno,curioso,indiscreto;-1
ita-16-00014379-n;n;negative;0.3125;colpo;-1
ita-16-00032122-v;v;neutral;0.3125;fare;-1
ita-16-00034219-v;v;negative;0.3125;ubbriacare,ubriacare,frastornare,stordire,inebriare;-1
ita-16-00041971-a;a;positive;0.3125;bonario,benigno,buono,benevolo,affettuoso;-1
ita-16-00005357-n;n;neutral;0.3125;convoglio,treno;-1
ita-16-00005290-n;n;neutral;0.3125;imbecille,balordo,badalone,piccione,testa_di_rapa,pesce_lesso,merlo,pollo,semplicione,stupido,scemo,babbeo,tonto,sempliciotto,sciocco,baggiano,bamboccio,tordo;-1
ita-16-00004934-n;n;neutral;0.3125;partigiano,combattente,resistente;-1
ita-16-00035309-v;v;neutral;0.3125;venire_fuori,uscire;-1
ita-16-00042752-a;a;negative;0.3125;insufficiente,inadatto,inadeguato,inappropriato,disadatto;-1
ita-16-00032129-v;v;neutral;0.3125;fare;-1
ita-16-00042122-a;a;negative;0.3125;distaccato,tiepido,sordo,arido,insensibile,indifferente,freddo;-1
ita-16-00042071-a;a;positive;0.3125;malleabile,docile,sottomesso;-1
ita-16-00043523-a;a;negative;0.625;indistinto,nebuloso,confuso;-1
ita-16-00043907-a;a;negative;0.3125;irresponsabile;-1
ita-16-00044721-a;a;positive;0.3125;celebre,famoso;-1
ita-16-00032168-v;v;neutral;0.3125;comunicare;-1
ita-16-00025888-n;n;neutral;0.3125;basso,fondo;-1
ita-16-00037776-v;v;neutral;0.3125;passare;-1
ita-16-00034385-v;v;neutral;0.3125;accalorare,scaldare,eccitare,infiammare,riscaldare;-1
ita-16-00042257-a;a;positive;0.3125;mite,mansueto,quieto;-1
ita-16-00042493-a;a;positive;0.3125;giusto;-1
ita-16-00003622-n;n;neutral;0.3125;duello,concorso,confronto,competizione,prova,gara;-1
ita-16-00041466-a;a;neutral;0.3125;rinnovato,costante,incessante,continuo,assiduo;-1
ita-16-00042428-a;a;neutral;0.3125;preciso,determinato,particolare,specifico;-1
ita-16-00034797-v;v;neutral;0.3125;asseverare,sostenere,dare_per_certo,asserire,affermare;-1
ita-16-00038394-v;v;neutral;0.3125;troncare,interrompere;-1
ita-16-00041702-a;a;negative;0.416666666667;anomalo,irregolare,anormale;-1
ita-16-00042904-a;a;neutral;0.3125;saldo,immobile,fermo;-1
ita-16-00043540-a;a;negative;0.3125;fugace,caduco,labile,deciduo;-1
ita-16-00042907-a;a;negative;0.3125;irruente,veemente,violento,irruento,aggressivo;-1
ita-16-00042366-a;a;negative;1.0;deserto,vuoto;-1
ita-16-00033938-v;v;positive;0.3125;colloquiare,dialogare,discorrere,parlare,conferire;-1
ita-16-00006012-n;n;neutral;0.3125;superficie,forma,esteriorità,sembianza,apparenza,aspetto,configurazione;-1
ita-16-00041573-a;a;negative;0.625;retrogrado,conservatore,tradizionalista;-1
ita-16-00042050-a;a;negative;0.3125;basso,grave,sordo,cupo,profondo;-1
ita-16-00000494-n;n;neutral;0.3125;timore,reverenza,venerazione,soggezione,riverenza;-1
ita-16-00043544-a;a;positive;0.3125;attraente,avvenente;-1
ita-16-00019177-n;n;neutral;0.3125;alto;-1
ita-16-00042057-a;a;neutral;0.625;errante,vagante,erratico;-1
ita-16-00044344-a;a;positive;0.3125;irreale,immaginario,fantastico;-1
ita-16-00037777-v;v;neutral;0.3125;passare;-1
ita-16-00041356-a;a;negative;0.3125;bambinesco,immaturo,fanciullesco,puerile,infantile;-1
ita-16-00042400-a;a;negative;0.3125;spiacevole,sgradevole,cattivo;-1
ita-16-00037778-v;v;neutral;0.3125;trasferirsi,passare;-1
ita-16-00018123-n;n;neutral;0.3125;scalpore,rumore,fama;-1
ita-16-00043482-a;a;negative;0.625;estraneo;-1
ita-16-00035924-v;v;positive;0.3125;solleticare,stimolare,stuzzicare;-1
ita-16-00032811-v;v;neutral;0.3125;dilatarsi,spandersi,estendersi,propagarsi,spargersi,correre,circolare,diffondersi,girare;-1
ita-16-00045336-a;a;neutral;0.3125;sacro;-1
ita-16-00007273-n;n;neutral;0.3125;piano,livello,grado;-1
ita-16-00035217-v;v;neutral;0.3125;pigliare,prendere;-1
ita-16-00043278-a;a;negative;0.3125;oscuro;-1
ita-16-00043238-a;a;positive;0.416666666667;certo;-1
ita-16-00032837-v;v;negative;0.416666666667;ricusare;-1
ita-16-00032429-v;v;neutral;0.3125;prendere_in_considerazione,prendere_in_esame,studiare,analizzare,considerare,esaminare;-1
ita-16-00002187-n;n;neutral;0.3125;coda,conclusione,chiusa,terminazione,chiusura,termine,fine;-1
ita-16-00010998-n;n;neutral;0.3125;cucciolo,piccolo;-1
ita-16-00043662-a;a;negative;0.3125;raffermo,stantio;-1
ita-16-00033487-v;v;neutral;0.3125;intensificarsi,aumentare,ingrandirsi,crescere,salire,accentuarsi;-1
ita-16-00044740-a;a;neutral;0.3125;piccolo;-1
ita-16-00041681-a;a;negative;0.3125;demente,dissennato,mentecatto,matto,folle,pazzo;-1
ita-16-00037754-v;v;negative;0.3125;piangere,lacrimare;-1
ita-16-00007150-n;n;neutral;0.3125;calore,caldo;-1
ita-16-00042494-a;a;positive;0.3125;rapido,veloce;-1
ita-16-00036892-v;v;neutral;0.3125;spingere,imprimere_un_movimento;-1
ita-16-00050098-a;a;neutral;0.3125;indifferente;-1
ita-16-00032757-v;v;neutral;0.3125;attingere,addivenire,giungere,raggiungere,arrivare,pervenire,venire;-1
ita-16-00043230-a;a;negative;0.3125;improbabile,inimmaginabile,incredibile;-1
ita-16-00049957-a;a;positive;0.3125;estremo,massimo,eccezionale;-1
ita-16-00033212-v;v;positive;0.3125;concedere,riconoscere,accettare,ammettere;-1
ita-16-00041376-a;a;neutral;0.3125;strano,unico,inusitato,anomalo,singolare,straordinario,inconsueto,insolito,curioso;-1
ita-16-00041864-a;a;negative;0.3125;defunto,morto,scomparso,trapassato;-1
ita-16-00041682-a;a;positive;0.416666666667;consono,adeguato;-1
ita-16-00043219-a;a;positive;0.3125;discreto;-1
ita-16-00041375-a;a;neutral;0.416666666667;succinto,scollato,corto;-1
ita-16-00032202-v;v;neutral;0.3125;adoperarsi,impegnarsi,darsi_da_fare,lottare;-1
ita-16-00023428-n;n;neutral;0.3125;particolare;-1
ita-16-00032779-v;v;positive;0.3125;fare_prendere,conferire,dare;-1
ita-16-00048885-r;r;neutral;0.3125;sicuramente,certamente;-1
ita-16-00050550-a;a;neutral;0.416666666667;ignaro,inconsapevole;-1
ita-16-00045072-a;a;negative;0.3125;inutile;-1
ita-16-00035985-v;v;positive;0.625;rispettare;-1
ita-16-00034754-v;v;neutral;0.3125;stimolare,generare,suscitare,provocare,eccitare,risvegliare;-1
ita-16-00048717-r;r;neutral;0.3125;adempiutamente,completamente,del_tutto,interamente,radicalmente,totalmente,assolutamente,esaustivamente;-1
ita-16-00014005-n;n;neutral;0.3125;grave;-1
ita-16-00041860-a;a;positive;0.3125;canonico,regolare,normale;-1
ita-16-00019647-n;n;neutral;0.3125;scusa,scusante,giustificazione;-1
ita-16-00041781-a;a;positive;0.3125;compito,educato,garbato,cortese,gentile;-1
ita-16-00042163-a;a;negative;0.3125;impulsivo,collerico,sanguigno;-1
ita-16-00038390-v;v;neutral;0.3125;lavorare,trattare,maneggiare;-1
ita-16-00012316-n;n;neutral;0.3125;legge;-1
ita-16-00043092-a;a;negative;0.3125;calcolatore,scaltro;-1
ita-16-00008298-n;n;neutral;0.3125;comune;-1
ita-16-00043210-a;a;positive;0.3125;pieno;-1
ita-16-00050399-r;r;neutral;0.3125;indietro;-1
ita-16-00041832-a;a;negative;1.0;deluso,malcontento,scontento,insoddisfatto;-1
ita-16-00042553-a;a;positive;0.3125;scrupoloso;-1
ita-16-00041760-a;a;neutral;0.3125;fine;-1
ita-16-00011179-n;n;positive;0.3125;rezzo,frescura,fresco;-1
ita-16-00042132-a;a;positive;0.3125;sublime,sovrano,sommo,eccelso,supremo;-1
ita-16-00043645-a;a;neutral;0.625;atipico;-1
ita-16-00042772-a;a;positive;0.3125;innovatore,audace,avanzato;-1
ita-16-00043429-a;a;neutral;0.3125;raro;-1
ita-16-00044363-a;a;negative;0.3125;ridicolo;-1
ita-16-00035371-v;v;neutral;0.3125;spalmare;-1
ita-16-00044624-a;a;neutral;0.625;incorporeo,immateriale,spirituale;-1
ita-16-00035529-v;v;neutral;0.3125;espellere;-1
ita-16-00034775-v;v;neutral;0.3125;sviluppare,trattare;-1
ita-16-00032125-v;v;positive;0.3125;fruttare,rendere,dare,fare,produrre;-1
ita-16-00041990-a;a;neutral;0.3125;nascosto,velato,coperto,segreto,profondo;-1
ita-16-00033547-v;v;neutral;0.3125;lasciare_cadere,reclinare,abbandonare;-1
ita-16-00042309-a;a;positive;0.3125;mirabile,ammirabile,ammirevole;-1
ita-16-00032931-v;v;neutral;0.3125;unire,aggiungere;-1
ita-16-00042224-a;a;positive;0.3125;pulito,netto;-1
ita-16-00016268-n;n;neutral;0.3125;specie,tipo,razza;-1
ita-16-00033125-v;v;negative;0.3125;stressare,traumatizzare,sconvolgere,impressionare,colpire,scioccare;-1
ita-16-00035427-v;v;neutral;0.3125;avere_a_che_fare,trattare,essere in contatto;-1
ita-16-00045442-a;a;neutral;0.3125;essenziale;-1
ita-16-00042864-a;a;positive;0.3125;ricco,pieno;-1
ita-16-00042052-a;a;neutral;0.416666666667;usuale;-1
ita-16-00005480-n;n;positive;0.3125;scuola,magistero,educazione,istruzione,insegnamento;-1
ita-16-00042359-a;a;negative;0.3125;adiposo,pingue,grasso,obeso;-1
ita-16-00036785-v;v;neutral;0.3125;fermare,fissare;-1
ita-16-00042989-a;a;negative;0.625;incerto,dubbio;-1
ita-16-00041350-a;a;negative;0.3125;machiavellico,furbo,astuto,abile,volpino;-1
ita-16-00013454-n;n;negative;0.3125;brama,bramosia,voglia,desiderio;-1
ita-16-00044086-a;a;negative;0.3125;iniquo,ingiusto;-1
ita-16-00042492-a;a;positive;0.3125;esatto,giusto,corretto;-1
ita-16-00009493-n;n;negative;0.3125;ammalato,malato;-1
ita-16-00033237-v;v;neutral;0.3125;assicurare,giurare;-1
ita-16-00036100-v;v;negative;0.3125;bruciare;-1
ita-16-00041367-a;a;neutral;0.3125;infedele,gentile,pagano;-1
ita-16-00008151-n;n;neutral;0.3125;partizione,ripartizione,frazionamento,divisione;-1
ita-16-00042245-a;a;negative;0.416666666667;esasperato;-1
ita-16-00039051-v;v;neutral;0.3125;discutere,polemizzare;-1
ita-16-00029088-n;n;neutral;0.3125;suono;-1
ita-16-00006774-n;n;neutral;0.3125;acquiescenza,obbedienza,cedevolezza,ubbidienza,soggezione,sottomissione,sommissione,docilità,arrendevolezza;-1
ita-16-00026915-n;n;positive;0.3125;divertimento;-1
ita-16-00044873-a;a;positive;0.416666666667;pesante;-1
ita-16-00042561-a;a;negative;0.3125;sregolato,smoderato,eccessivo,scatenato,sfrenato,clamoroso,smodato;-1
ita-16-00033379-v;v;neutral;0.3125;pigiare,spingere,premere;-1
ita-16-00043971-a;a;positive;0.3125;ilare,spensierato,giocondo,gaio,allegro;-1
ita-16-00002632-n;n;negative;0.3125;delicatezza,astenia,fiacchezza,gracilità,fragilità,debolezza,atonia;-1
ita-16-00049816-n;n;neutral;0.3125;comune,comunità,cittadinanza;-1
ita-16-00031908-v;v;neutral;0.3125;edificare,fabbricare,costruire;-1
ita-16-00001325-n;n;neutral;0.3125;marmocchio,pargolo,bimbo,ragazzetto,ragazzino,piccolo,fanciullo,bambino,sbarbatello,mariolo;-1
ita-16-00028913-n;n;neutral;0.3125;responsabile;-1
ita-16-00006321-n;n;negative;0.3125;contrazione,calata,flessione,abbassamento,minorazione,riduzione,decremento,calo,diminuzione;-1
ita-16-00041423-a;a;negative;0.3125;villano,cafone,zotico,rozzo;-1
ita-16-00045104-a;a;negative;0.416666666667;sboccato;-1
ita-16-00043000-a;a;neutral;0.3125;aderente,stretto,attillato;-1
ita-16-00001264-n;n;negative;0.3125;mancanza,perdita_di_conoscenza,defaillance,incoscienza,ottenebramento,perdita_di_coscienza,deliquio,obnubilazione,svenimento,perdita_dei_sensi,collasso,mancamento;-1
ita-16-00042757-a;a;negative;0.3125;arcigno,scorbutico,intrattabile,scostante,difficile,scontroso,ruvido,legnoso;-1
ita-16-00042714-a;a;positive;0.3125;semplice,elementare,facile;-1
ita-16-00050551-a;a;neutral;0.3125;involontario,inconsapevole,automatico,istintivo;-1
ita-16-00018122-n;n;negative;0.3125;rumore;-1
ita-16-00043191-a;a;neutral;0.3125;immune,resistente;-1
ita-16-00050190-n;n;neutral;0.3125;infedele,gentile,pagano;-1
ita-16-00044605-a;a;negative;0.3125;umile,modesto,dimesso,semplice;-1
ita-16-00034753-v;v;negative;0.3125;provocare,cagionare,causare;-1
ita-16-00009567-n;n;positive;0.3125;rialzo,crescita,incremento,aumento,accrescimento;-1
ita-16-00043682-a;a;negative;0.3125;triste;-1
ita-16-00041963-a;a;negative;0.3125;irritabile,irascibile,iroso,iracondo,bilioso,fumino;-1
ita-16-00044592-a;a;positive;0.416666666667;fidato;-1
ita-16-00032914-v;v;positive;0.3125;congegnare,ideare,immaginare,concepire;-1
ita-16-00033216-v;v;neutral;0.3125;differenziare,separare,discernere,distinguere;-1
ita-16-00045131-a;a;negative;0.625;mesto;-1
ita-16-00005409-n;n;neutral;0.3125;dichiarazione,affermazione;-1
ita-16-00002910-n;n;neutral;0.3125;struttura,costruzione;-1
ita-16-00044932-a;a;positive;0.416666666667;pratico;-1
ita-16-00041335-a;a;negative;1.0;arcano,criptico,inesplicabile,incomprensibile,misterioso;-1
ita-16-00042019-a;a;positive;0.3125;addomesticato,domestico;-1
ita-16-00041806-a;a;negative;0.625;composito,complesso;-1
ita-16-00040597-v;v;neutral;0.3125;spingere;-1
ita-16-00041761-a;a;neutral;0.3125;fine;-1
ita-16-00000459-n;n;negative;0.3125;responsabile,reo,colpevole;-1
ita-16-00041498-a;a;positive;0.3125;lepido,ironico,ameno,divertente,brioso,arguto,spiritoso;-1
ita-16-00033485-v;v;positive;0.3125;intensificare,aumentare,ingrandire,incrementare;-1
ita-16-00033488-v;v;neutral;0.3125;aumentare;-1
ita-16-00042203-a;a;negative;0.3125;sofferente,affetto,infermo,ammalato,malato;-1
ita-16-00042570-a;a;positive;0.3125;beato,lieto,contento,felice,al_settimo_cielo;-1
ita-16-00033486-v;v;positive;0.3125;crescere,aumentare;-1
ita-16-00026454-n;n;neutral;0.3125;divezzamento;-1
ita-16-00043299-a;a;negative;0.3125;incessante,persistente,insistente;-1
ita-16-00043190-a;a;negative;0.3125;inconseguente,incongruente,contraddittorio,incoerente;-1
ita-16-00048922-r;r;neutral;0.3125;intorno,attorno,in_giro,nei pressi,nelle_vicinanze;-1
ita-16-00042698-a;a;positive;0.3125;elevato,alto;-1
ita-16-00044099-a;a;neutral;0.3125;mobile;-1
ita-16-00041731-a;a;negative;0.3125;nervoso,apprensivo,ansioso;-1
ita-16-00007744-n;n;neutral;0.3125;accolta,raduno,adunata,convegno,raccolta,riunione;-1
ita-16-00012093-n;n;positive;0.3125;decoro,finimento,guarnitura,guarnizione,adornamento,abbellimento,decorazione,ornamento;-1
ita-16-00042491-a;a;positive;0.3125;comodo,confortevole;-1
ita-16-00042450-a;a;negative;0.416666666667;mentitore,menzognero,mendace,bugiardo,simulatore;-1
ita-16-00043928-a;a;negative;0.3125;impietoso;-1
ita-16-00006220-n;n;positive;0.3125;attenzione,studio,cura;-1
ita-16-00036264-v;v;negative;0.416666666667;respingere;-1
ita-16-00032778-v;v;neutral;0.3125;portare,procurare,arrecare,recare,dare;-1
ita-16-00045448-a;a;positive;0.3125;fresco;-1
ita-16-00004195-n;n;negative;0.3125;tragedia,apocalissi,apocalisse,sventura,disgrazia,sinistro,calamità,disastro,catastrofe,sciagura;-1
ita-16-00043563-a;a;negative;0.3125;disonesto;-1
ita-16-00038140-v;v;negative;0.3125;prendere,rubare,fregare;-1
ita-16-00038057-v;v;neutral;0.3125;ridurre;-1
ita-16-00000222-n;n;positive;0.3125;solidità,potenza,nerbo,possa,robustezza,gagliardia,vigore,forza;-1
ita-16-00042479-a;a;neutral;0.3125;uguale,indistinguibile,identico;-1
ita-16-00042673-a;a;positive;1.0;entusiasta,esultante,trionfante;-1
ita-16-00041448-a;a;negative;0.416666666667;nervoso,agitato,irrequieto;-1
ita-16-00003932-n;n;neutral;0.3125;alter_ego,luogotenente,sostituto,vice;-1
ita-16-00049080-r;r;positive;0.3125;splendido;-1
ita-16-00020150-n;n;neutral;0.3125;miscredente,incredulo,ateo,irreligioso;-1
ita-16-00043722-a;a;negative;0.625;maleaccetto,sgradito;-1
ita-16-00034630-v;v;negative;0.3125;sommuovere,infiammare,accendere,agitare,eccitare;-1
ita-16-00037517-v;v;neutral;0.3125;dire,riferire;-1
ita-16-00048747-r;r;neutral;0.3125;transitoriamente,temporaneamente,provvisoriamente;-1
ita-16-00040449-v;v;neutral;0.3125;spegnere;-1
ita-16-00009115-n;n;negative;0.3125;ristrettezza,pochezza,modestia,strettezza,difetto,assenza,scarsità,penuria,deficienza,mancanza,carenza,insufficienza;-1
ita-16-00043958-a;a;positive;0.3125;schietto,genuino,vero,autentico;-1
ita-16-00048708-r;r;negative;0.3125;troppo,eccessivamente,a_dismisura;-1
ita-16-00018820-n;n;neutral;0.3125;coltello;-1
ita-16-00042214-a;a;positive;0.3125;resistente,solido,saldo;-1
ita-16-00001738-n;n;neutral;0.3125;drappello,mano,manipolo;-1
ita-16-00042679-a;a;negative;0.625;infimo;-1
ita-16-00049798-n;n;neutral;0.3125;ordine;-1
ita-16-00043936-a;a;negative;0.3125;sprovvisto,privo;-1
ita-16-00042225-a;a;positive;0.3125;pulito,puro;-1
ita-16-00029723-n;n;negative;0.3125;imperfezione,vizio,difetto;-1
ita-16-00043468-a;a;positive;0.416666666667;sfavillante,sfolgorante,fulgido,splendido;-1
ita-16-00033859-v;v;neutral;0.3125;scorrere,fluire,trascorrere,passare;-1
ita-16-00008563-n;n;neutral;0.3125;società,impresa,azienda,ditta,compagnia;-1
ita-16-00038668-v;v;negative;0.3125;calare;-1
ita-16-00045101-a;a;positive;0.3125;fiducioso;-1
ita-16-00041822-a;a;positive;0.3125;verace,schietto,franco,sincero,aperto;-1
ita-16-00037350-v;v;positive;0.3125;nettare,pulire;-1
ita-16-00007215-n;n;neutral;0.3125;classe,ordine,famiglia;-1
ita-16-00042627-a;a;negative;0.3125;tardo;-1
ita-16-00041539-a;a;negative;0.3125;malaticcio,cagionevole,delicato;-1
ita-16-00039050-v;v;neutral;0.3125;dibattere,discutere,discorrere,ragionare;-1
ita-16-00005058-n;n;neutral;0.3125;finzione,scena,messinscena,gioco,finta,simulazione;-1
ita-16-00000638-n;n;positive;0.3125;conoscitore,tecnico,specialista,esperto;-1
ita-16-00042011-a;a;neutral;0.3125;relativo,rispettivo,proprio;-1
ita-16-00016180-n;n;negative;0.3125;patologia,male,affezione,malattia;-1
ita-16-00005055-n;n;positive;0.3125;gioco;-1
ita-16-00041848-a;a;positive;0.3125;venusto,vezzoso,grazioso,aggraziato;-1
ita-16-00003515-n;n;neutral;0.3125;caposaldo,norma,legge,principio;-1
ita-16-00033239-v;v;neutral;0.3125;assicurare,attaccare,legare;-1
ita-16-00043270-a;a;neutral;0.3125;consueto,solito,abituale,normale,ordinario,usuale;-1
ita-16-00032770-v;v;neutral;0.3125;apprezzare,valutare,giudicare,misurare,pesare;-1
ita-16-00043332-a;a;neutral;0.3125;lungo;-1
ita-16-00021065-n;n;neutral;0.3125;attore;-1
ita-16-00045022-a;a;neutral;0.416666666667;completo;-1
ita-16-00032447-v;v;neutral;0.3125;fissare,stabilire,determinare;-1
ita-16-00042956-a;a;negative;0.3125;inetto,inabile,incapace;-1
ita-16-00042244-a;a;positive;0.3125;conseguente,coerente;-1
ita-16-00003469-n;n;positive;0.3125;cura,cura_medica,trattamento,terapia;-1
ita-16-00032777-v;v;neutral;0.3125;passare,dare;-1
ita-16-00014595-n;n;neutral;0.3125;grandezza,proporzione,dimensione,valore,misura;-1
ita-16-00032130-v;v;neutral;0.3125;fare,recitare,rappresentare;-1
ita-16-00043394-a;a;negative;0.416666666667;inconsistente,gratuito,infondato;-1
ita-16-00041748-a;a;neutral;0.3125;speciale,precipuo,peculiare,tipico;-1
ita-16-00044320-a;a;positive;0.3125;superiore;-1
ita-16-00000433-n;n;neutral;0.3125;spezia,droga,aroma;-1
ita-16-00022013-n;n;neutral;0.3125;dolce;-1
ita-16-00045095-a;a;positive;0.3125;umoristico;-1
ita-16-00044872-a;a;positive;0.3125;morale,etico;-1
ita-16-00001548-n;n;negative;0.3125;obbligazione,dovere,onere,impegno,obbligo;-1
ita-16-00003697-n;n;neutral;0.3125;simulacro,parvenza,ombra;-1
ita-16-00042534-a;a;neutral;0.3125;comune,ordinario;-1
ita-16-00037169-v;v;neutral;0.3125;afferrare;-1
ita-16-00042475-a;a;positive;0.625;stufo,stanco;-1
ita-16-00008724-n;n;neutral;0.3125;assertore,promotore,fautore,sostenitore,auspice,partigiano,propugnatore;-1
ita-16-00041995-a;a;positive;0.3125;potente,energico,forte,robusto,temprato;-1
ita-16-00044456-a;a;positive;0.625;disinteressato;-1
ita-16-00032134-v;v;neutral;0.3125;fare;-1
ita-16-00023902-n;n;negative;0.3125;impulsivo,istintivo,emotivo,focoso,precipitoso,passionale;-1
ita-16-00028180-n;n;neutral;0.3125;bordo;-1
ita-16-00032133-v;v;neutral;0.3125;fare;-1
ita-16-00049975-a;a;negative;0.3125;semplice;-1
ita-16-00042756-a;a;neutral;0.3125;bambino,piccolo;-1
ita-16-00049049-r;r;neutral;0.3125;avanti;-1
ita-16-00044741-a;a;negative;0.3125;piccolo;-1
ita-16-00048994-r;r;positive;0.3125;bene,positivamente;-1
ita-16-00041440-a;a;negative;0.3125;boccaccesco,volgare,scurrile,triviale,licenzioso,salace;-1
ita-16-00041156-v;v;neutral;0.3125;inebriare,ubriacare,ubbriacare;-1
ita-16-00041862-a;a;negative;0.416666666667;irragionevole,dissennato,folle,insensato,pazzo,pazzesco;-1
ita-16-00032131-v;v;neutral;0.3125;fare;-1
ita-16-00032508-v;v;neutral;0.3125;dire,narrare,raccontare,contare;-1
ita-16-00000308-n;n;positive;0.3125;animo,eroismo,fegato,sangue_freddo,valore,spavalderia,coraggio,baldanza,arditezza,ardimento,ardire;-1
ita-16-00002156-n;n;neutral;0.3125;investigazione,indagine,controllo,riscontro,accertamento,test,verificazione,verifica,esame,prova;-1
ita-16-00033778-v;v;negative;0.3125;rinunziare,rinunciare,abbandonare;-1
ita-16-00041804-a;a;positive;0.3125;determinato,risoluto,deciso,sicuro,fermo,sbrigativo;-1
ita-16-00007216-n;n;neutral;0.3125;ordine;-1
ita-16-00007214-n;n;neutral;0.3125;commessa,ordine,ordinazione,commissione;-1
ita-16-00033633-v;v;neutral;0.3125;svanire,andare_via,dileguarsi,andare,passare;-1
ita-16-00000651-n;n;neutral;0.3125;tempra,temperamento,essere,natura,essenza,naturale,indole,carattere;-1
ita-16-00042109-a;a;negative;0.3125;crudo,pungente,rigido,freddo;-1
ita-16-00032715-v;v;negative;0.3125;mandare_al_Creatore,mandare_all'altro_mondo,accoppare,far_morire,ammazzare,uccidere,far_fuori;-1
ita-16-00040598-v;v;neutral;0.3125;spingere;-1
ita-16-00038586-v;v;negative;0.3125;spromettere;-1
ita-16-00007213-n;n;neutral;0.3125;ordine;-1
ita-16-00049956-a;a;negative;1.0;operato,lavorato;-1
ita-16-00041869-a;a;positive;0.3125;generato,nato;-1
ita-16-00048685-r;r;neutral;0.3125;unicamente,solamente,solo;-1
ita-16-00048679-r;r;neutral;0.3125;ad alta voce,a voce alta;-1
ita-16-00008986-n;n;positive;0.3125;mestiere,tecnica,arte;-1
ita-16-00041716-a;a;positive;0.3125;tenero;-1
ita-16-00042654-a;a;negative;0.625;sleale;-1
ita-16-00004118-n;n;neutral;0.3125;testimonianza,pegno;-1
ita-16-00041879-a;a;positive;0.3125;accorato,infuocato,acceso,ardente,appassionato;-1
ita-16-00042516-a;a;negative;0.3125;brutto;-1
ita-16-00042955-a;a;negative;0.3125;insolente,impertinente,irrispettoso,strafottente;-1
ita-16-00042614-a;a;negative;0.3125;sgangherato,sbrindellato,trascurato,discinto,sciatto,trasandato;-1
ita-16-00043109-a;a;negative;0.416666666667;sgarbato,villano,cattivo,scortese,villanzone;-1
ita-16-00042930-a;a;negative;0.625;spurio,contraffatto,falsificato,falso;-1
ita-16-00042451-a;a;positive;0.3125;sano,savio;-1
ita-16-00005368-n;n;neutral;0.3125;comparto,compartizione,compartimento,ripartizione,frazionamento,suddivisione,sezione,partizione,divisione;-1
ita-16-00041436-a;a;positive;0.3125;praticabile,realizzabile,attuabile,eseguibile,fattibile;-1
ita-16-00032780-v;v;positive;0.3125;dare,provvedere,dotare,fornire;-1
ita-16-00032116-v;v;neutral;0.3125;creare,produrre,fare;-1
ita-16-00041547-a;a;positive;0.3125;stabile,duraturo,durevole,resistente,permanente,costante;-1
ita-16-00042621-a;a;positive;0.3125;inappuntabile,impeccabile,irreprensibile;-1
ita-16-00033292-v;v;positive;0.3125;svagare,distrarre,divertire,svariare;-1
ita-16-00048960-r;r;positive;0.3125;giustamente;-1
ita-16-00032787-v;v;neutral;0.3125;ministrare,fornire,somministrare,dare;-1
ita-16-00037780-v;v;neutral;0.3125;passare;-1
ita-16-00042455-a;a;positive;0.625;castigato,verecondo;-1
ita-16-00033877-v;v;neutral;0.3125;tirare_su,sollevare,raccogliere,ricogliere;-1
ita-16-00042008-a;a;negative;0.3125;reale;-1
ita-16-00044284-a;a;positive;0.3125;prudente,assennato,ponderato;-1
ita-16-00044594-a;a;negative;0.416666666667;disperato;-1
ita-16-00035741-v;v;neutral;0.3125;risolvere,decomporre,scomporre,disgregare;-1
ita-16-00038725-v;v;positive;0.3125;perfezionare,migliorare,aggiustare;-1
ita-16-00016443-n;n;neutral;0.3125;piana,pianura,piano;-1
ita-16-00003511-n;n;neutral;0.3125;taglio;-1
ita-16-00003134-n;n;neutral;0.3125;insieme,gruppo;-1
ita-16-00044394-a;a;negative;0.625;debole,fragile;-1
ita-16-00033683-v;v;neutral;0.3125;pagare;-1
ita-16-00032115-v;v;neutral;0.3125;compire,mandare_a_effetto,realizzare,effettuare,eseguire,compiere,fare;-1
ita-16-00042675-a;a;negative;0.3125;imperfetto;-1
ita-16-00041509-a;a;negative;0.3125;viziato,capriccioso,bizzoso;-1
ita-16-00034539-v;v;positive;0.3125;ridere;-1
ita-16-00032783-v;v;positive;0.3125;accordare,concedere,cedere,dare;-1
ita-16-00038914-v;v;negative;0.416666666667;sciupare;-1
ita-16-00043071-a;a;negative;0.3125;disagiato;-1
ita-16-00043989-a;a;positive;1.0;apprezzato,beneaccetto,accetto,gradito;-1
ita-16-00024871-n;n;neutral;0.3125;bordura,bordo;-1
ita-16-00043494-a;a;negative;0.3125;indicibile,inesprimibile,incomunicabile;-1
ita-16-00037370-v;v;neutral;0.3125;raggiungere,cogliere,prendere,colpire;-1
ita-16-00003516-n;n;neutral;0.3125;germoglio,principio,attacco,inizio;-1
ita-16-00012737-n;n;negative;0.3125;fobia;-1
ita-16-00001217-n;n;positive;0.3125;spregiudicatezza,audacia;-1
ita-16-00041380-a;a;negative;0.3125;indecente,indegno,indecoroso;-1
ita-16-00001175-n;n;neutral;0.3125;distribuzione,sistemazione,configurazione,ordine,ordinamento,organizzazione,disposizione;-1
ita-16-00039802-v;v;neutral;0.3125;prendere,avere,ricevere;-1
ita-16-00043201-a;a;negative;0.3125;inesatto,impreciso;-1
ita-16-00003190-n;n;neutral;0.3125;abito,norma,rito,consuetudine,abitudine;-1
ita-16-00033112-v;v;positive;0.3125;liberare;-1
ita-16-00041732-a;a;negative;0.3125;abusivo,illegittimo,illecito,illegale,selvaggio;-1
ita-16-00041483-a;a;positive;0.3125;vitale,vivo;-1
ita-16-00043437-a;a;positive;0.3125;adorabile,amabile;-1
ita-16-00043500-a;a;negative;0.416666666667;infecondo,improduttivo,infruttuoso;-1
ita-16-00033902-v;v;neutral;0.3125;avere,avvertire,sentire,provare;-1
ita-16-00001788-n;n;positive;0.3125;tutela,difesa,protezione;-1
ita-16-00041638-a;a;positive;0.3125;insigne,autorevole,influente,importante,alto;-1
ita-16-00002394-n;n;negative;0.3125;danneggiamento,danno;-1
ita-16-00042431-a;a;positive;0.3125;maturo,adulto;-1
ita-16-00032724-v;v;negative;0.3125;demolire,abbattere,distruggere;-1
ita-16-00006126-n;n;negative;0.3125;compatimento,mercede,misericordia,commiserazione,pietà;-1
ita-16-00043080-a;a;neutral;0.3125;incidentale,accidentale,casuale,fortuito;-1
ita-16-00033115-v;v;positive;0.3125;liberare,riscattare;-1
ita-16-00042474-a;a;positive;0.3125;fresco,florido;-1
ita-16-00042933-a;a;negative;0.3125;irrito,invalido;-1
ita-16-00049021-r;r;neutral;0.3125;sottovoce,piano,a_bassa_voce;-1
ita-16-00042835-a;a;negative;0.3125;inattuabile,irrealizzabile;-1
ita-16-00034629-v;v;neutral;0.3125;accendere;-1
ita-16-00034789-v;v;positive;0.3125;salvaguardare,preservare,proteggere,difendere,tutelare;-1
ita-16-00023558-n;n;neutral;0.3125;voce,verso;-1
ita-16-00041488-a;a;positive;0.416666666667;minuto;-1
ita-16-00032446-v;v;positive;0.3125;prendere_una_decisione,divisare,stabilire,determinare,deliberare,decidere;-1
ita-16-00032132-v;v;neutral;0.3125;fare;-1
ita-16-00043019-a;a;positive;0.3125;smorzato,attenuato;-1
ita-16-00032466-v;v;neutral;0.3125;accompagnare,guidare,condurre,portare;-1
ita-16-00019381-n;n;neutral;0.3125;cultura,coltura,coltivazione;-1
ita-16-00041520-a;a;positive;0.3125;squisito,sofisticato,prezioso,raffinato,ricercato;-1
ita-16-00032472-v;v;positive;0.3125;racconciare,sistemare,aggiustare,riparare,accomodare;-1
ita-16-00020519-n;n;negative;0.3125;omicida,assassino;-1
ita-16-00013527-n;n;neutral;0.3125;onore,epiteto,titolo;-1
ita-16-00036016-v;v;neutral;0.3125;tentare,cercare,provare;-1
ita-16-00043858-a;a;negative;0.416666666667;rude,brusco,burbero,sgarbato,sbrigativo;-1
ita-16-00042291-a;a;positive;0.3125;comunicativo,caloroso,cordiale,caldo,ospitale;-1
ita-16-00041756-a;a;positive;0.3125;facoltoso,benestante,agiato,ricco;-1
ita-16-00034912-v;v;negative;0.3125;deprecare,disapprovare,biasimare,deplorare;-1
ita-16-00042441-a;a;negative;0.3125;indigente,misero,povero,bisognoso,meschino,bisognevole;-1
ita-16-00044116-a;a;neutral;0.416666666667;implicito,inespresso,sottinteso;-1
ita-16-00009302-n;n;positive;0.3125;ragione,quoziente,rapporto;-1
ita-16-00041698-a;a;negative;0.3125;pusillanime,pavido,vile,codardo,vigliacco;-1
ita-16-00034648-v;v;negative;0.3125;illudere,abbagliare,ingannare,allucinare;-1
ita-16-00032135-v;v;neutral;0.3125;fare;-1
ita-16-00041569-a;a;negative;0.3125;magniloquente,ampolloso,borioso,gonfio,tronfio,pomposo,vanaglorioso;-1
ita-16-00037586-v;v;neutral;0.3125;intraversare,transitare,attraversare,passare;-1
ita-16-00043246-a;a;positive;0.3125;protervo,superbo,altero,spocchioso,pretenzioso;-1
ita-16-00036790-v;v;neutral;0.3125;vendere;-1
ita-16-00043828-a;a;negative;0.3125;ponderoso,pesante,peso,grave;-1
ita-16-00023940-n;n;neutral;0.3125;vaso;-1
ita-16-00001442-n;n;negative;0.3125;bandito,fuorilegge,avanzo_di_galera,criminale,malvivente,delinquente,malfattore,malavitoso;-1
ita-16-00043490-a;a;positive;0.3125;indubbio,sicuro,certo;-1
ita-16-00044134-a;a;neutral;0.3125;grande,grosso;-1
ita-16-00030489-n;n;positive;0.3125;attrizione;-1
ita-16-00035970-v;v;neutral;0.3125;far_restare,lasciare;-1
ita-16-00004239-n;n;negative;0.3125;imposizione,gravezza,gravame,imposta,tassa,tributo;-1
ita-16-00043297-a;a;negative;0.3125;simulato,finto;-1
ita-16-00033210-v;v;positive;0.3125;accogliere,accettare;-1
ita-16-00043633-a;a;negative;0.625;leggero;-1
ita-16-00041615-a;a;positive;0.3125;decente,dignitoso,decoroso;-1
ita-16-00044860-a;a;negative;0.625;vulnerabile;-1
ita-16-00043924-a;a;negative;1.0;disilluso,disincantato;-1
ita-16-00042638-a;a;neutral;0.3125;umano,mortale;-1
ita-16-00042125-a;a;negative;0.3125;accentuato,marcato,carico;-1
ita-16-00042609-a;a;neutral;0.416666666667;contrapposto,antitetico,opposto,contrario;-1
ita-16-00045358-a;a;negative;0.416666666667;freddo;-1
ita-16-00016818-n;n;neutral;0.3125;attività_artistica,arte;-1
ita-16-00043417-a;a;neutral;0.3125;terminale,finale,conclusivo;-1
ita-16-00044137-a;a;positive;0.3125;grande;-1
ita-16-00050133-r;r;positive;0.3125;d'autorità,legittimamente,legalmente,lecitamente,giustamente,debitamente;-1
ita-16-00042658-a;a;positive;1.0;notorio,noto,conosciuto;-1
ita-16-00035403-v;v;neutral;0.3125;bucare,mancare,sbagliare,fallire;-1
ita-16-00038389-v;v;neutral;0.3125;trattare;-1
ita-16-00032441-v;v;negative;0.3125;rammassare,ammassellare,cumulare,ammucchiare,accumulare,ammassare,abbarcare,conglobare,ammonticchiare,abbicare,agglomerare,ammontare;-1
ita-16-00037603-v;v;negative;0.3125;adescare,lusingare,attirare,allettare,attrarre;-1
ita-16-00001716-n;n;negative;0.3125;curioso,ficcanaso,indiscreto,impiccione;-1
ita-16-00041598-a;a;positive;0.3125;onesto,sano,retto,pulito,integro,morigerato,probo,serio,virtuoso,a posto;-1
ita-16-00041719-a;a;positive;0.416666666667;bastante,sufficiente;-1
ita-16-00032054-v;v;negative;0.3125;arrestare;-1
ita-16-00044448-a;a;positive;0.3125;sano;-1
ita-16-00032356-v;v;positive;0.3125;dare_aiuto,prestare_aiuto,assistere,soccorrere,aiutare,dare_una_mano;-1
ita-16-00043068-a;a;positive;0.3125;raro,pregiato,prezioso;-1
ita-16-00044896-a;a;negative;0.3125;instabile,incostante,mutevole,volubile;-1
ita-16-00034161-v;v;neutral;0.3125;attaccare,figgere,apporre,fissare,affiggere;-1
ita-16-00042931-a;a;positive;0.3125;compassionevole,pietoso,misericordioso,caritatevole;-1
ita-16-00033469-v;v;neutral;0.3125;valersi,impiegare,avvalersi,servirsi,utilizzare,adoperare,usare,giovarsi;-1
ita-16-00032109-v;v;negative;0.3125;peggiorare;-1
ita-16-00041514-a;a;positive;0.3125;agevole,facile;-1
ita-16-00034891-v;v;neutral;0.3125;muovere,spostare;-1
ita-16-00034224-v;v;positive;0.3125;risanare,guarire,sanare,ristabilire,restituire;-1
ita-16-00043356-a;a;negative;0.3125;disprezzabile,spregevole;-1
ita-16-00036017-v;v;neutral;0.3125;provare,dimostrare;-1
ita-16-00007286-n;n;neutral;0.3125;alveo,seno,incavatura,concavità,incavo,cavo,cavità;-1
ita-16-00041349-a;a;positive;0.3125;valente,abile,esperto;-1
ita-16-00044200-a;a;positive;0.625;illuso;-1
ita-16-00044304-a;a;negative;0.625;scuro;-1
ita-16-00033551-v;v;negative;0.3125;spengere,estinguere,smorzare,spegnere;-1
ita-16-00032801-v;v;neutral;0.3125;correre;-1
ita-16-00032114-v;v;neutral;0.3125;eseguire,fare;-1
ita-16-00032119-v;v;positive;0.3125;consentire,permettere,fare,lasciare;-1
ita-16-00032781-v;v;positive;0.3125;assegnare,attribuire,dare,annettere;-1
ita-16-00003251-n;n;neutral;0.3125;espressione,locuzione,proposizione,frase;-1
ita-16-00032117-v;v;neutral;0.3125;produrre,fare,formare;-1
ita-16-00044948-a;a;positive;0.3125;poderoso;-1
ita-16-00010406-n;n;positive;0.3125;patrizio,aristocratico;-1
ita-16-00038386-v;v;neutral;0.3125;trattare,parlamentare;-1
ita-16-00003031-n;n;neutral;0.3125;ordine,comando,disposizione;-1
ita-16-00015648-n;n;neutral;0.3125;professionista;-1
ita-16-00032785-v;v;neutral;0.3125;dare;-1
ita-16-00032788-v;v;neutral;0.3125;dare,passare;-1
ita-16-00025895-n;n;neutral;0.3125;nutrimento,alimento,cibo,mangiare;-1
ita-16-00045193-a;a;positive;0.3125;robusto;-1
ita-16-00032786-v;v;neutral;0.3125;dare,passare;-1
ita-16-00044270-a;a;positive;0.3125;ferreo;-1
ita-16-00027634-n;n;negative;0.3125;lesione;-1
ita-16-00038440-v;v;positive;0.3125;incutere,mettere,trasmettere,ispirare,infondere;-1
ita-16-00041882-a;a;neutral;0.3125;profano,terreno,mondano;-1
ita-16-00042181-a;a;positive;0.3125;elegante,armonioso,leggiadro;-1
ita-16-00001652-n;n;neutral;0.3125;padre,ministro,reverendo,prete,sacerdote;-1
ita-16-00049987-a;a;neutral;0.625;estraneo,lontano,alieno;-1
ita-16-00002447-n;n;neutral;0.3125;cosmetico,make-up,maquillage,trucco;-1
ita-16-00043598-a;a;positive;0.3125;meraviglioso,magico,splendido,magnifico;-1
ita-16-00043087-a;a;negative;0.3125;arduo,difficile,duro,impegnativo;-1
ita-16-00032782-v;v;positive;0.3125;commettere,affidare,dare,raccomandare,accomandare;-1
ita-16-00001173-n;n;neutral;0.3125;sistemazione,organizzazione,ordinamento,disposizione;-1
ita-16-00044031-a;a;negative;0.3125;uniforme,uggioso,monotono,tedioso,pesante,noioso,asfissiante,opprimente;-1
ita-16-00043381-a;a;positive;0.3125;bello;-1
ita-16-00042993-a;a;positive;0.3125;esprimibile,dicibile,riferibile,comunicabile;-1
ita-16-00042185-a;a;negative;0.3125;selvatico,selvaggio;-1
ita-16-00007412-n;n;positive;0.3125;intesa,adesione,accordo,patto,convenzione;-1
ita-16-00001755-n;n;positive;0.3125;diletto,gaudio,gioia,brio,allegrezza,felicità,gaiezza,letizia,contentezza,allegria,lietezza;-1
ita-16-00028393-n;n;neutral;0.3125;fiore;-1
ita-16-00043265-a;a;negative;0.3125;amaro;-1
ita-16-00028178-n;n;neutral;0.3125;bordo;-1
ita-16-00029492-n;n;neutral;0.3125;protagonista,eroe,personaggio;-1
ita-16-00001757-n;n;positive;0.3125;monile,gioia,gioiello,bijou;-1
ita-16-00042935-a;a;positive;0.3125;svelto,ingegnoso,perspicace,penetrante,sagace,sveglio,brillante,acuto,geniale,desto;-1
ita-16-00043081-a;a;neutral;0.416666666667;incosciente,inconsapevole;-1
ita-16-00049910-a;a;neutral;0.3125;grave,serio,grande,notevole;-1
ita-16-00041759-a;a;positive;0.3125;sottile,fine;-1
ita-16-00032467-v;v;neutral;0.3125;manovrare,guidare,condurre;-1
ita-16-00034628-v;v;positive;0.3125;appiccare,accendere;-1
ita-16-00036869-v;v;neutral;0.3125;serrare,chiudere;-1
ita-16-00042783-a;a;positive;0.416666666667;legittimo,legale,lecito;-1
ita-16-00041471-a;a;neutral;0.3125;primordiale,aurorale;-1
ita-16-00041564-a;a;negative;0.3125;testardo,accanito,pervicace,pertinace,ostinato,cocciuto,caparbio;-1
ita-16-00042043-a;a;negative;0.3125;solitario,asociale,misantropo;-1
ita-16-00042478-a;a;neutral;0.625;pari,uguale;-1
ita-16-00003332-n;n;neutral;0.3125;comando,precetto,prescrizione,regola,comandamento;-1
ita-16-00043082-a;a;negative;0.3125;spudorato,impudente,sfrontato,sfacciato;-1
ita-16-00033113-v;v;positive;0.3125;francare,liberare,affrancare;-1
ita-16-00013046-n;n;neutral;0.3125;mente,intelligenza,intelletto;-1
ita-16-00036361-v;v;neutral;0.3125;sfruttare;-1
ita-16-00037625-v;v;positive;0.3125;verificare,controllare;-1
ita-16-00042893-a;a;negative;0.3125;accidioso,poltrone,negligente,infingardo,svogliato,indolente,pigro;-1
ita-16-00005285-n;n;neutral;0.3125;brano,porzione,pezzo;-1
ita-16-00041753-a;a;negative;0.3125;tremendo,mostruoso,orripilante,orrendo,orribile;-1
ita-16-00033114-v;v;positive;0.3125;liberare,slegare,disciogliere;-1
ita-16-00044610-a;a;negative;0.3125;inferiore;-1
ita-16-00034307-v;v;negative;0.3125;eccitare,istigare,scatenare,fomentare,provocare,aizzare,attizzare;-1
ita-16-00032530-v;v;negative;0.3125;risolvere,annullare,cassare,rompere,sciogliere,rescindere;-1
ita-16-00011049-n;n;neutral;0.3125;riunione,incontro;-1
ita-16-00044539-a;a;negative;0.625;ingombrante;-1
ita-16-00003189-n;n;neutral;0.3125;vestito,veste,abito;-1
ita-16-00044714-a;a;neutral;0.3125;imbelle,mite;-1
ita-16-00014380-n;n;negative;0.3125;colpo,accidente,malore;-1
ita-16-00017243-n;n;positive;0.3125;scudo;-1
ita-16-00014382-n;n;neutral;0.3125;colpo;-1
ita-16-00006382-n;n;negative;0.3125;ferita;-1
ita-16-00044858-a;a;positive;0.3125;necessario,essenziale;-1
ita-16-00012147-n;n;neutral;0.3125;corda,cavo,cima,fune;-1
ita-16-00045360-a;a;positive;0.625;liscio;-1
ita-16-00014381-n;n;neutral;0.3125;colpo;-1
ita-16-00041755-a;a;positive;0.3125;temerario,bravo,spavaldo,baldanzoso,animoso,valoroso,prode,impavido,intrepido,audace,ardito,coraggioso,ardimentoso;-1
ita-16-00032053-v;v;neutral;0.3125;fermare,arrestare;-1
ita-16-00044525-a;a;neutral;0.416666666667;tipico;-1
ita-16-00038511-v;v;negative;0.3125;rifiutare,declinare;-1
ita-16-00050688-a;a;neutral;0.416666666667;impari;-1
ita-16-00032276-v;v;neutral;0.3125;sconfiggere,battere,vincere;-1
ita-16-00041323-a;a;negative;0.3125;grossolano,sgraziato,goffo,impacciato,pacchiano;-1
ita-16-00042339-a;a;positive;0.3125;prestante,aitante,atletico;-1
ita-16-00042848-a;a;negative;0.3125;pessimista,pessimistico,fosco;-1
ita-16-00043572-a;a;negative;0.3125;chiassoso,sgargiante,appariscente,vistoso;-1
ita-16-00043247-a;a;positive;0.3125;lesto;-1
ita-16-00005096-n;n;negative;0.3125;premessa,antefatto,antecedente,precedente;-1
ita-16-00041693-a;a;positive;1.0;quadrato,robusto,resistente;-1
ita-16-00012070-n;n;positive;0.3125;rinvenimento;-1
ita-16-00019109-n;n;neutral;0.3125;dettaglio,particolare;-1
ita-16-00004169-n;n;neutral;0.3125;nominativo,appellativo,denominazione,nome;-1
ita-16-00041659-a;a;positive;0.3125;concreto,esistente,vero,effettivo,reale;-1
ita-16-00037588-v;v;neutral;0.3125;passare,vivere,attraversare;-1
ita-16-00033208-v;v;positive;0.3125;fare_una_promessa,promettere,impegnarsi;-1
ita-16-00041656-a;a;positive;0.3125;lodevole,apprezzabile,pregevole,ottimo;-1
ita-16-00038023-v;v;neutral;0.3125;ammassare,conservare,accumulare;-1
ita-16-00004234-n;n;negative;0.3125;mal_umore,screzio,dissenso,discordanza,scissura,malumore,lotta,dissidio,disaccordo,discordia;-1
ita-16-00010977-n;n;neutral;0.3125;piantagione,coltura,coltivazione;-1
ita-16-00041597-a;a;negative;0.3125;fastidioso,dispettoso;-1
ita-16-00048730-r;r;negative;0.3125;malamente,male,terribilmente;-1
ita-16-00007149-n;n;neutral;0.3125;calore,caldo;-1
ita-16-00001331-n;n;neutral;0.3125;resa_dei_conti,rapporto,consuntivo,resoconto,rendiconto;-1
ita-16-00044648-a;a;positive;0.3125;semplice,chiaro,netto,distinto;-1
ita-16-00038388-v;v;positive;0.3125;trattare,curare;-1
ita-16-00032118-v;v;neutral;0.3125;cocere,fare,cucinare;-1
ita-16-00041652-a;a;negative;0.3125;stagionato,invecchiato;-1
ita-16-00037787-v;v;neutral;0.3125;passare;-1
ita-16-00041592-a;a;negative;0.3125;grullo,citrullo,scemunito,scimunito,scemo,sciocco,balengo,bischero;-1
ita-16-00041348-a;a;positive;0.3125;capace,idoneo,abile;-1
ita-16-00032252-v;v;neutral;0.3125;portare_via,asportare,allontanare,levare,rimuovere,togliere;-1
ita-16-00038231-v;v;positive;0.3125;avere,prendere,trarre,ricevere,acquisire,ottenere;-1
ita-16-00042390-a;a;positive;0.3125;palese,ovvio,lapalissiano,lampante,chiaro,perspicuo,eclatante,evidente;-1
ita-16-00012435-n;n;neutral;0.3125;canale,stretto;-1
ita-16-00033554-v;v;negative;0.3125;oltrepassare,soverchiare,superare;-1
ita-16-00003257-n;n;neutral;0.3125;ordinativo,ordinazione,ordine;-1
ita-16-00006281-n;n;neutral;0.3125;aggregato,massa;-1
ita-16-00006063-n;n;negative;0.3125;opposizione,resistenza;-1
ita-16-00003904-n;n;neutral;0.3125;categoria,corporazione,classe,ordine,associazione;-1
ita-16-00009522-n;n;neutral;0.3125;onere,valore,costo,prezzo;-1
ita-16-00036835-v;v;neutral;0.3125;trascendere,oltrepassare,superare,passare;-1
ita-16-00050059-a;a;negative;0.3125;velenoso;-1
ita-16-00044202-a;a;positive;0.3125;atto,adatto,congruo,atto a;-1
ita-16-00049003-r;r;negative;0.3125;veemente,aggressivamente;-1
ita-16-00021387-n;n;neutral;0.3125;familiare,famigliare;-1
ita-16-00002779-n;n;negative;0.3125;trapasso,fine,morte,decesso,scomparsa;-1
ita-16-00001847-n;n;neutral;0.3125;pezzo,articolo;-1
ita-16-00041595-a;a;neutral;0.3125;incoffessato,segreto,riposto,intimo,recondito;-1
ita-16-00034024-v;v;negative;0.3125;vulnerare,ledere,offendere,ferire;-1
ita-16-00005771-n;n;negative;0.3125;pena,dolore,dolore_fisico,male,sofferenza;-1
ita-16-00041887-a;a;negative;0.3125;insincero,falso,igannevole,ipocrita,finto;-1
ita-16-00041673-a;a;negative;0.3125;sottile,esile,scarno,smilzo,snello,secco,magro;-1
ita-16-00045319-a;a;neutral;0.416666666667;materiale;-1
ita-16-00050119-r;r;neutral;0.3125;lentamente,tardamente,adagio,piano,lento;-1
ita-16-00037784-v;v;neutral;0.3125;passare;-1
ita-16-00043107-a;a;positive;0.3125;sincero,onesto,leale;-1
ita-16-00045195-a;a;negative;0.625;scomodo;-1
ita-16-00045314-a;a;positive;0.3125;fiero;-1
ita-16-00037783-v;v;neutral;0.3125;passare;-1
ita-16-00048768-r;r;negative;0.3125;caparbiamente,cocciutamente,pervicacemente,ostinatamente,accanitamente;-1
ita-16-00032055-v;v;neutral;0.3125;diminuire,calare,scemare,ridursi;-1
ita-16-00008118-n;n;negative;0.3125;sbaglio,fallo,errore;-1
ita-16-00042311-a;a;positive;0.416666666667;disponibile,trattabile,abbordabile;-1
ita-16-00043905-a;a;negative;0.3125;asinesco,ignorante,insipiente;-1
ita-16-00032056-v;v;negative;0.3125;minorare,ridurre,diminuire;-1
ita-16-00044922-a;a;positive;0.3125;efficiente,efficace;-1
ita-16-00043549-a;a;negative;1.0;scabro,scabroso,ruvido;-1
ita-16-00032145-v;v;positive;0.3125;scoprire,individuare,verificare,trovare,determinare;-1
ita-16-00028179-n;n;neutral;0.3125;bordo;-1
ita-16-00033903-v;v;neutral;0.3125;provare,sentire;-1
ita-16-00043893-a;a;negative;0.3125;barbarico,barbaro,rozzo;-1
ita-16-00042823-a;a;positive;0.416666666667;pacato;-1
ita-16-00045335-a;a;neutral;0.3125;sacro;-1
ita-16-00044141-a;a;negative;0.3125;duro;-1
ita-16-00041775-a;a;negative;0.3125;esoso,gretto,avaro,taccagno,spilorcio,tirchio,sparagnino;-1
ita-16-00002362-n;n;neutral;0.3125;predisposizione,propensione,disposizione,inclinazione,attitudine,tendenza;-1
ita-16-00029635-n;n;negative;0.3125;pentimento,contrizione,ravvedimento,rimorso;-1
ita-16-00000669-n;n;positive;0.3125;scienza,cognizione,conoscenza;-1
ita-16-00042433-a;a;positive;0.3125;plausibile,verosimile,credibile;-1
ita-16-00049702-a;a;negative;0.416666666667;melenso,insulso,limitato;-1
ita-16-00042910-a;a;neutral;0.3125;indipendente,autonomo,libero;-1
ita-16-00044041-a;a;negative;0.625;minimo;-1
